
insert into song (song_id, uploaded_by,performer, title, play_count, liked_count)
values ('5','1','Rose','Gone',0,0),
		('6','1','BlackPink','Lovesick Girls',0,0),
		('7','1','Sakura Cardcaptor','Catch You Catch Me',0,0),
		('8','1','Sakura Cardcaptor','Fruit Candy',0,0),
		('9','1','Sakura Cardcaptor','Tobira Wo Akete',0,0),
		('10','1','Tân Trần,FreakD','Bỏ Em Vào Balo',0,0),
		('11','1','Lou Hoàng','Cảm Giác Lúc Ấy Sẽ Ra Sao',0,0),
		('12','1',' Hứa Kim Tuyền, Hoàng Duyên','Sài Gòn Đau Lòng Quá',0,0),
		('13','1','Justatee','Đã lỡ yêu em nhiều',0,0),
		('14','1','Funky Monkey Babys','Ato Hitotsu',0,0),
		('15','1','AMEE','Từ Thích Thích Thành Thương Thương',0,0),
		('16','1','AMEE','Tình Bạn Diệu Kỳ',0,0),
		('17','1','AMEE','Em bé',0,0),
		('18','1','AMEE','Sao Anh Chưa Về',0,0),
		('19','1','Kobasolo','Himawari No Yakusoku ',0,0),
		('20','1','Kobasolo','Zenryoku Hero',0,0),
		('21','1','Kobasolo','Kawaranai Mono',0,0),
		('22','1','Kobasolo','Wherever You Are',0,0),
		('23','1','Kobasolo','Bouningen',0,0),
		('24','1','Huyền Chi','Mơ khúc Bên Người',0,0),
		('25','1','Huyền Chi','Giấc Mơ Thần Tiên',0,0),
		('26','1','BlackPink','Ready For Love',0,0),
		('27','1','BigDaddy, Emily','Mượn Rượu Tỏ Tình',0,0),
		('28','1','Miu Lê, Karik, Châu Đăng Khoa','Vì Mẹ Anh Bắt Chia Tay',0,0),
		('29','1','Thùy Chi','Không Sao Mà, Em Đây Rồi',0,0),
		('30','1','Tling','Gái Độc Thân',0,0),
		('31','1','Tling','Sucker For Love',0,0),
		('32','1','MCK,Justatee','Dân Chơi Xóm',0,0),
		('33','1','AMEE','Ex s Hate Me',0,0),
		('34','1','Tling','Máu Lên Nào',0,0),
		('35','1','Justatee, Binz','Crying Over You',0,0),
		('36','1','Sơn Tùng MTP','Em Của Ngày Hôm Qua',0,0),
		('37','1','Sơn Tùng MTP','Chúng Ta Không Thuộc Về Nhau',0,0),
		('38','1','Sơn Tùng MTP','Như Ngày Hôm Qua',0,0),
		('39','1','Sơn Tùng MTP','Muộn Rồi Mà Sao Còn',0,0),
		('40','1','Sơn Tùng MTP','Chúng Ta Của Hiện Tại',0,0)

insert into playlist(playlist_id,created_by,title)
values ('2','1','BlackPink'),
	('3','1','Sakura'),
	('4','1','Japan'),
	('5','1','Sơn Tùng'),
	('6','1','AMEE'),
	('7','1','Rap')
insert into playlist_content(playlist_id, song_id)
values ('2','5'),
('2','6'),
('2','26'),
('3','7'),
('3','8'),
('3','9'),
('4','7'),
('4','8'),
('4','9'),
('4','19'),
('4','20'),
('4','21'),
('4','22'),
('4','23'),
('5','36'),
('5','37'),
('5','38'),
('5','39'),
('5','40'),
('6','33'),
('6','15'),
('6','16'),
('6','17'),
('6','18'),
('7','13'),
('7','30'),
('7','31'),
('7','32'),
('7','35'),
('7','34')